Carlos Eduardo dos Santos;12563256987;20/02/2008;Filho;
Gabriela dos Santos;15478965832;19/02/2005;Filho;
Joana das Couves de Jesus;16332598745;11/03/2006;Filho;
Maria das Couves de Jesus;16932547825;06/06/2010;Sobrinho;
Karine Moreira Gusmão;15635436987;03/09/2011;Sobrinho;
Carla Moreira Gusmão;14569874563;09/03/2011;Outros;
Amanda Bulinha da Silva;15632456987;25/09/2015;Outros;
Regina das Neves;15469874563;23/11/2018;Outros;
Fabricio da Silva Campos;16325698745;20/09/2012;Outros;
Caio da Silva Campos;16589745632;05/09/2006;Outros;
Gilberto da Silva Campos;12365478549;25/09/2004;Filho;
Felipe Gabrich Volpato;12345698752;05/09/2011;Filho;
Fernanda Gabrich Volpato;12546387963;08/09/2017;Sobrinho;
Roberta Flanela Calabria;13254896745;12/09/2016;Filho;
Guilherme de Paiva;15698745632;26/12/2019;Sobrinho;
Rafaela de Paiva;15632489756;05/11/2009;Filho;